,0,1
0,"{'label': 'NEGATIVE', 'score': 0.9980689883232117}","{'label': 'NEGATIVE', 'score': 0.8684412240982056}"
1,"{'label': 'POSITIVE', 'score': 0.9791042804718018}","{'label': 'NEGATIVE', 'score': 0.9995095729827881}"
2,"{'label': 'POSITIVE', 'score': 0.9765188097953796}","{'label': 'POSITIVE', 'score': 0.9989309906959534}"
3,"{'label': 'POSITIVE', 'score': 0.9856259226799011}","{'label': 'NEGATIVE', 'score': 0.9995070695877075}"
4,"{'label': 'POSITIVE', 'score': 0.9880510568618774}","{'label': 'NEGATIVE', 'score': 0.9995096921920776}"
5,"{'label': 'POSITIVE', 'score': 0.9962224960327148}","{'label': 'NEGATIVE', 'score': 0.9995051622390747}"
6,"{'label': 'POSITIVE', 'score': 0.9897084832191467}","{'label': 'NEGATIVE', 'score': 0.9995061159133911}"
7,"{'label': 'POSITIVE', 'score': 0.9920334219932556}","{'label': 'NEGATIVE', 'score': 0.9995054006576538}"
8,"{'label': 'POSITIVE', 'score': 0.9948240518569946}","{'label': 'NEGATIVE', 'score': 0.9994576573371887}"
9,"{'label': 'POSITIVE', 'score': 0.9941044449806213}","{'label': 'NEGATIVE', 'score': 0.9994000196456909}"
10,"{'label': 'POSITIVE', 'score': 0.9960523843765259}","{'label': 'NEGATIVE', 'score': 0.9995094537734985}"
11,"{'label': 'POSITIVE', 'score': 0.9889978766441345}","{'label': 'NEGATIVE', 'score': 0.9995167255401611}"
12,"{'label': 'POSITIVE', 'score': 0.983647882938385}","{'label': 'NEGATIVE', 'score': 0.9994964599609375}"
13,"{'label': 'POSITIVE', 'score': 0.9910992980003357}","{'label': 'POSITIVE', 'score': 0.9989070892333984}"
14,"{'label': 'POSITIVE', 'score': 0.9854974150657654}","{'label': 'NEGATIVE', 'score': 0.9995077848434448}"
15,"{'label': 'POSITIVE', 'score': 0.9930229187011719}","{'label': 'NEGATIVE', 'score': 0.991733193397522}"
16,"{'label': 'POSITIVE', 'score': 0.987947404384613}","{'label': 'NEGATIVE', 'score': 0.9994797110557556}"
17,"{'label': 'POSITIVE', 'score': 0.9872086644172668}","{'label': 'NEGATIVE', 'score': 0.9995080232620239}"
18,"{'label': 'POSITIVE', 'score': 0.9910047054290771}","{'label': 'NEGATIVE', 'score': 0.9995067119598389}"
19,"{'label': 'POSITIVE', 'score': 0.9922189712524414}","{'label': 'POSITIVE', 'score': 0.9987618923187256}"
20,"{'label': 'POSITIVE', 'score': 0.993965208530426}","{'label': 'POSITIVE', 'score': 0.9989209175109863}"
21,"{'label': 'POSITIVE', 'score': 0.9909215569496155}","{'label': 'POSITIVE', 'score': 0.9988386034965515}"
22,"{'label': 'POSITIVE', 'score': 0.9934905767440796}","{'label': 'NEGATIVE', 'score': 0.9995102882385254}"
23,"{'label': 'POSITIVE', 'score': 0.9900857210159302}","{'label': 'POSITIVE', 'score': 0.9989196062088013}"
24,"{'label': 'POSITIVE', 'score': 0.9884483218193054}","{'label': 'POSITIVE', 'score': 0.9986339211463928}"
25,"{'label': 'POSITIVE', 'score': 0.9878243207931519}","{'label': 'POSITIVE', 'score': 0.9989123344421387}"
26,"{'label': 'POSITIVE', 'score': 0.991046130657196}","{'label': 'NEGATIVE', 'score': 0.9995090961456299}"
27,"{'label': 'POSITIVE', 'score': 0.9811164140701294}","{'label': 'NEGATIVE', 'score': 0.9995081424713135}"
28,"{'label': 'POSITIVE', 'score': 0.9873371720314026}","{'label': 'NEGATIVE', 'score': 0.9994726777076721}"
29,"{'label': 'POSITIVE', 'score': 0.9898071885108948}","{'label': 'POSITIVE', 'score': 0.9988980293273926}"
30,"{'label': 'POSITIVE', 'score': 0.9811806678771973}","{'label': 'NEGATIVE', 'score': 0.9994235038757324}"
31,"{'label': 'POSITIVE', 'score': 0.9644129872322083}","{'label': 'NEGATIVE', 'score': 0.9995098114013672}"
32,"{'label': 'POSITIVE', 'score': 0.9927029609680176}","{'label': 'NEGATIVE', 'score': 0.9994615912437439}"
33,"{'label': 'POSITIVE', 'score': 0.9885003566741943}","{'label': 'NEGATIVE', 'score': 0.9995088577270508}"
34,"{'label': 'POSITIVE', 'score': 0.9928855299949646}","{'label': 'NEGATIVE', 'score': 0.9995105266571045}"
35,"{'label': 'POSITIVE', 'score': 0.984887421131134}","{'label': 'POSITIVE', 'score': 0.9988890290260315}"
36,"{'label': 'POSITIVE', 'score': 0.9838566780090332}","{'label': 'NEGATIVE', 'score': 0.9994762539863586}"
37,"{'label': 'POSITIVE', 'score': 0.9874588251113892}","{'label': 'POSITIVE', 'score': 0.9989113807678223}"
38,"{'label': 'POSITIVE', 'score': 0.9773023128509521}","{'label': 'NEGATIVE', 'score': 0.9994555115699768}"
39,"{'label': 'POSITIVE', 'score': 0.9853298664093018}","{'label': 'POSITIVE', 'score': 0.9988920092582703}"
40,"{'label': 'POSITIVE', 'score': 0.99446702003479}","{'label': 'POSITIVE', 'score': 0.9988679885864258}"
41,"{'label': 'POSITIVE', 'score': 0.992478609085083}","{'label': 'NEGATIVE', 'score': 0.9995076656341553}"
42,"{'label': 'POSITIVE', 'score': 0.9956179857254028}","{'label': 'NEGATIVE', 'score': 0.9995046854019165}"
43,"{'label': 'POSITIVE', 'score': 0.994454562664032}","{'label': 'POSITIVE', 'score': 0.998598039150238}"
44,"{'label': 'POSITIVE', 'score': 0.9952560067176819}","{'label': 'NEGATIVE', 'score': 0.9995063543319702}"
45,"{'label': 'POSITIVE', 'score': 0.9902593493461609}","{'label': 'NEGATIVE', 'score': 0.9995114803314209}"
46,"{'label': 'POSITIVE', 'score': 0.9936645030975342}","{'label': 'NEGATIVE', 'score': 0.9994988441467285}"
47,"{'label': 'POSITIVE', 'score': 0.9923887848854065}","{'label': 'NEGATIVE', 'score': 0.999505877494812}"
48,"{'label': 'POSITIVE', 'score': 0.9877675771713257}","{'label': 'POSITIVE', 'score': 0.9988572597503662}"
49,"{'label': 'POSITIVE', 'score': 0.9849350452423096}","{'label': 'POSITIVE', 'score': 0.9989222288131714}"
50,"{'label': 'POSITIVE', 'score': 0.9872199296951294}","{'label': 'POSITIVE', 'score': 0.9987422823905945}"
51,"{'label': 'POSITIVE', 'score': 0.9857783317565918}","{'label': 'POSITIVE', 'score': 0.998930037021637}"
52,"{'label': 'POSITIVE', 'score': 0.986696183681488}","{'label': 'POSITIVE', 'score': 0.9989153146743774}"
53,"{'label': 'POSITIVE', 'score': 0.9233965277671814}","{'label': 'NEGATIVE', 'score': 0.9995061159133911}"
54,"{'label': 'POSITIVE', 'score': 0.9509027004241943}","{'label': 'POSITIVE', 'score': 0.9988934397697449}"
55,"{'label': 'POSITIVE', 'score': 0.9898179173469543}","{'label': 'POSITIVE', 'score': 0.99339359998703}"
56,"{'label': 'POSITIVE', 'score': 0.99017333984375}","{'label': 'POSITIVE', 'score': 0.9989215135574341}"
57,"{'label': 'POSITIVE', 'score': 0.9856045246124268}","{'label': 'NEGATIVE', 'score': 0.9994919300079346}"
58,"{'label': 'POSITIVE', 'score': 0.9791394472122192}","{'label': 'POSITIVE', 'score': 0.9948686361312866}"
59,"{'label': 'POSITIVE', 'score': 0.9796229004859924}","{'label': 'POSITIVE', 'score': 0.9401611089706421}"
60,"{'label': 'POSITIVE', 'score': 0.9865840077400208}","{'label': 'NEGATIVE', 'score': 0.9995063543319702}"
61,"{'label': 'POSITIVE', 'score': 0.9920344948768616}","{'label': 'POSITIVE', 'score': 0.9989012479782104}"
62,"{'label': 'POSITIVE', 'score': 0.9914841055870056}","{'label': 'POSITIVE', 'score': 0.9989398121833801}"
63,"{'label': 'POSITIVE', 'score': 0.9908387064933777}","{'label': 'NEGATIVE', 'score': 0.9994927644729614}"
64,"{'label': 'POSITIVE', 'score': 0.9790889620780945}","{'label': 'POSITIVE', 'score': 0.9989204406738281}"
65,"{'label': 'NEGATIVE', 'score': 0.6788568496704102}","{'label': 'NEGATIVE', 'score': 0.9982951283454895}"
66,"{'label': 'POSITIVE', 'score': 0.8188347816467285}","{'label': 'POSITIVE', 'score': 0.9988527297973633}"
67,"{'label': 'POSITIVE', 'score': 0.9892451763153076}","{'label': 'NEGATIVE', 'score': 0.9995075464248657}"
68,"{'label': 'POSITIVE', 'score': 0.9804978370666504}","{'label': 'NEGATIVE', 'score': 0.9994997978210449}"
69,"{'label': 'POSITIVE', 'score': 0.8074144124984741}","{'label': 'NEGATIVE', 'score': 0.9995067119598389}"
70,"{'label': 'POSITIVE', 'score': 0.9506815671920776}","{'label': 'NEGATIVE', 'score': 0.9995110034942627}"
71,"{'label': 'POSITIVE', 'score': 0.9877320528030396}","{'label': 'NEGATIVE', 'score': 0.996863603591919}"
72,"{'label': 'POSITIVE', 'score': 0.9600360989570618}","{'label': 'POSITIVE', 'score': 0.9988182187080383}"
73,"{'label': 'POSITIVE', 'score': 0.9843066930770874}","{'label': 'POSITIVE', 'score': 0.9988653659820557}"
74,"{'label': 'POSITIVE', 'score': 0.9817460775375366}","{'label': 'POSITIVE', 'score': 0.9989295601844788}"
75,"{'label': 'POSITIVE', 'score': 0.9403578639030457}","{'label': 'POSITIVE', 'score': 0.9988691210746765}"
76,"{'label': 'POSITIVE', 'score': 0.726447343826294}","{'label': 'POSITIVE', 'score': 0.9988816380500793}"
77,"{'label': 'POSITIVE', 'score': 0.9932543635368347}","{'label': 'POSITIVE', 'score': 0.998894989490509}"
78,"{'label': 'POSITIVE', 'score': 0.9940699338912964}","{'label': 'NEGATIVE', 'score': 0.9995068311691284}"
79,"{'label': 'NEGATIVE', 'score': 0.8752257227897644}","{'label': 'POSITIVE', 'score': 0.9988792538642883}"
80,"{'label': 'POSITIVE', 'score': 0.9946942925453186}","{'label': 'NEGATIVE', 'score': 0.999502420425415}"
81,"{'label': 'POSITIVE', 'score': 0.8728657364845276}","{'label': 'POSITIVE', 'score': 0.9989351630210876}"
82,"{'label': 'POSITIVE', 'score': 0.9932108521461487}","{'label': 'POSITIVE', 'score': 0.9989018440246582}"
83,"{'label': 'POSITIVE', 'score': 0.9910466074943542}","{'label': 'NEGATIVE', 'score': 0.998030960559845}"
84,"{'label': 'POSITIVE', 'score': 0.9918328523635864}","{'label': 'NEGATIVE', 'score': 0.9994895458221436}"
85,"{'label': 'POSITIVE', 'score': 0.9850856065750122}","{'label': 'POSITIVE', 'score': 0.9989186525344849}"
86,"{'label': 'POSITIVE', 'score': 0.9960293769836426}","{'label': 'POSITIVE', 'score': 0.9989295601844788}"
87,"{'label': 'POSITIVE', 'score': 0.9961380362510681}","{'label': 'NEGATIVE', 'score': 0.9994760155677795}"
88,"{'label': 'POSITIVE', 'score': 0.9930257797241211}","{'label': 'POSITIVE', 'score': 0.9977496266365051}"
89,"{'label': 'POSITIVE', 'score': 0.9897543787956238}","{'label': 'NEGATIVE', 'score': 0.9995092153549194}"
90,"{'label': 'POSITIVE', 'score': 0.995498538017273}","{'label': 'NEGATIVE', 'score': 0.9995098114013672}"
91,"{'label': 'POSITIVE', 'score': 0.9900912046432495}","{'label': 'NEGATIVE', 'score': 0.9995081424713135}"
92,"{'label': 'POSITIVE', 'score': 0.9914344549179077}","{'label': 'NEGATIVE', 'score': 0.9995027780532837}"
93,"{'label': 'POSITIVE', 'score': 0.9707909226417542}","{'label': 'NEGATIVE', 'score': 0.9994121789932251}"
94,"{'label': 'POSITIVE', 'score': 0.9835163950920105}","{'label': 'NEGATIVE', 'score': 0.9994658827781677}"
95,"{'label': 'NEGATIVE', 'score': 0.9853160977363586}","{'label': 'POSITIVE', 'score': 0.9989351630210876}"
96,"{'label': 'POSITIVE', 'score': 0.9776211380958557}","{'label': 'POSITIVE', 'score': 0.9988759160041809}"
97,"{'label': 'POSITIVE', 'score': 0.9830166697502136}","{'label': 'NEGATIVE', 'score': 0.9994878768920898}"
98,"{'label': 'POSITIVE', 'score': 0.982628345489502}","{'label': 'POSITIVE', 'score': 0.998903751373291}"
99,"{'label': 'NEGATIVE', 'score': 0.9731773734092712}","{'label': 'NEGATIVE', 'score': 0.9995108842849731}"
100,"{'label': 'POSITIVE', 'score': 0.9969483017921448}","{'label': 'NEGATIVE', 'score': 0.9995087385177612}"
101,"{'label': 'POSITIVE', 'score': 0.9909297823905945}","{'label': 'NEGATIVE', 'score': 0.9995089769363403}"
102,"{'label': 'POSITIVE', 'score': 0.9892438650131226}","{'label': 'NEGATIVE', 'score': 0.9994895458221436}"
103,"{'label': 'POSITIVE', 'score': 0.993238091468811}","{'label': 'NEGATIVE', 'score': 0.9957864880561829}"
104,"{'label': 'POSITIVE', 'score': 0.9960236549377441}","{'label': 'POSITIVE', 'score': 0.9987176656723022}"
105,"{'label': 'POSITIVE', 'score': 0.9888980984687805}","{'label': 'NEGATIVE', 'score': 0.9986953139305115}"
106,"{'label': 'POSITIVE', 'score': 0.9837221503257751}","{'label': 'POSITIVE', 'score': 0.9989084005355835}"
107,"{'label': 'POSITIVE', 'score': 0.9779637455940247}","{'label': 'POSITIVE', 'score': 0.9988368153572083}"
108,"{'label': 'POSITIVE', 'score': 0.9930245876312256}","{'label': 'POSITIVE', 'score': 0.9988254904747009}"
109,"{'label': 'POSITIVE', 'score': 0.9923377633094788}","{'label': 'NEGATIVE', 'score': 0.9982529282569885}"
110,"{'label': 'POSITIVE', 'score': 0.9920316934585571}","{'label': 'POSITIVE', 'score': 0.998920202255249}"
111,"{'label': 'POSITIVE', 'score': 0.993129551410675}","{'label': 'POSITIVE', 'score': 0.9989074468612671}"
112,"{'label': 'POSITIVE', 'score': 0.989785373210907}","{'label': 'POSITIVE', 'score': 0.9988999366760254}"
113,"{'label': 'POSITIVE', 'score': 0.9819087982177734}","{'label': 'NEGATIVE', 'score': 0.9992735981941223}"
114,"{'label': 'POSITIVE', 'score': 0.9900200366973877}","{'label': 'NEGATIVE', 'score': 0.9994613528251648}"
115,"{'label': 'POSITIVE', 'score': 0.990284264087677}","{'label': 'POSITIVE', 'score': 0.9988640546798706}"
116,"{'label': 'POSITIVE', 'score': 0.9926619529724121}","{'label': 'NEGATIVE', 'score': 0.9995023012161255}"
117,"{'label': 'POSITIVE', 'score': 0.9939540028572083}","{'label': 'POSITIVE', 'score': 0.9989240765571594}"
118,"{'label': 'POSITIVE', 'score': 0.99293452501297}","{'label': 'NEGATIVE', 'score': 0.9886016249656677}"
119,"{'label': 'POSITIVE', 'score': 0.9894458651542664}","{'label': 'NEGATIVE', 'score': 0.9995063543319702}"
120,"{'label': 'POSITIVE', 'score': 0.9842329025268555}","{'label': 'POSITIVE', 'score': 0.9869733452796936}"
121,"{'label': 'POSITIVE', 'score': 0.9782271385192871}","{'label': 'POSITIVE', 'score': 0.9989344477653503}"
122,"{'label': 'POSITIVE', 'score': 0.9896865487098694}","{'label': 'NEGATIVE', 'score': 0.9995101690292358}"
123,"{'label': 'NEGATIVE', 'score': 0.9897167086601257}","{'label': 'POSITIVE', 'score': 0.9906946420669556}"
124,"{'label': 'POSITIVE', 'score': 0.98795086145401}","{'label': 'NEGATIVE', 'score': 0.9994831085205078}"
125,"{'label': 'POSITIVE', 'score': 0.9835611581802368}","{'label': 'POSITIVE', 'score': 0.9987499713897705}"
126,"{'label': 'POSITIVE', 'score': 0.9888045191764832}","{'label': 'POSITIVE', 'score': 0.994469165802002}"
127,"{'label': 'POSITIVE', 'score': 0.994061291217804}","{'label': 'NEGATIVE', 'score': 0.9994984865188599}"
128,"{'label': 'POSITIVE', 'score': 0.9800732731819153}","{'label': 'NEGATIVE', 'score': 0.9995005130767822}"
129,"{'label': 'POSITIVE', 'score': 0.9618943929672241}","{'label': 'POSITIVE', 'score': 0.9988152980804443}"
130,"{'label': 'POSITIVE', 'score': 0.9676414132118225}","{'label': 'POSITIVE', 'score': 0.9989078044891357}"
131,"{'label': 'POSITIVE', 'score': 0.9847844839096069}","{'label': 'POSITIVE', 'score': 0.9987416863441467}"
132,"{'label': 'NEGATIVE', 'score': 0.7270401120185852}","{'label': 'POSITIVE', 'score': 0.99191814661026}"
133,"{'label': 'POSITIVE', 'score': 0.9934746623039246}","{'label': 'NEGATIVE', 'score': 0.9994968175888062}"
134,"{'label': 'POSITIVE', 'score': 0.9906746745109558}","{'label': 'POSITIVE', 'score': 0.9989312291145325}"
135,"{'label': 'POSITIVE', 'score': 0.7461715340614319}","{'label': 'POSITIVE', 'score': 0.9971099495887756}"
136,"{'label': 'POSITIVE', 'score': 0.9936791062355042}","{'label': 'POSITIVE', 'score': 0.9989206790924072}"
137,"{'label': 'POSITIVE', 'score': 0.9806585311889648}","{'label': 'POSITIVE', 'score': 0.9988279938697815}"
138,"{'label': 'POSITIVE', 'score': 0.9741098284721375}","{'label': 'POSITIVE', 'score': 0.9981942772865295}"
139,"{'label': 'POSITIVE', 'score': 0.9733068943023682}","{'label': 'NEGATIVE', 'score': 0.9995017051696777}"
140,"{'label': 'POSITIVE', 'score': 0.9667719602584839}","{'label': 'POSITIVE', 'score': 0.9988749623298645}"
141,"{'label': 'POSITIVE', 'score': 0.9843388795852661}","{'label': 'NEGATIVE', 'score': 0.9993224143981934}"
142,"{'label': 'POSITIVE', 'score': 0.9921686053276062}","{'label': 'POSITIVE', 'score': 0.9988903403282166}"
143,"{'label': 'POSITIVE', 'score': 0.988930881023407}","{'label': 'POSITIVE', 'score': 0.998863935470581}"
144,"{'label': 'POSITIVE', 'score': 0.9877484440803528}","{'label': 'POSITIVE', 'score': 0.9988279938697815}"
145,"{'label': 'NEGATIVE', 'score': 0.9842058420181274}","{'label': 'POSITIVE', 'score': 0.9988194108009338}"
146,"{'label': 'POSITIVE', 'score': 0.987086296081543}","{'label': 'POSITIVE', 'score': 0.9985396862030029}"
147,"{'label': 'POSITIVE', 'score': 0.9785404205322266}","{'label': 'POSITIVE', 'score': 0.9986587762832642}"
148,"{'label': 'POSITIVE', 'score': 0.9813622832298279}","{'label': 'NEGATIVE', 'score': 0.9994919300079346}"
149,"{'label': 'POSITIVE', 'score': 0.9734305739402771}","{'label': 'POSITIVE', 'score': 0.9989264607429504}"
150,"{'label': 'POSITIVE', 'score': 0.9895931482315063}","{'label': 'POSITIVE', 'score': 0.9988921284675598}"
151,"{'label': 'POSITIVE', 'score': 0.9842358827590942}","{'label': 'NEGATIVE', 'score': 0.9882993698120117}"
152,"{'label': 'POSITIVE', 'score': 0.9756119251251221}","{'label': 'NEGATIVE', 'score': 0.9948121309280396}"
153,"{'label': 'POSITIVE', 'score': 0.9872666001319885}","{'label': 'POSITIVE', 'score': 0.9988652467727661}"
154,"{'label': 'POSITIVE', 'score': 0.9856249690055847}","{'label': 'POSITIVE', 'score': 0.9989047050476074}"
155,"{'label': 'NEGATIVE', 'score': 0.9753400087356567}","{'label': 'POSITIVE', 'score': 0.9988021850585938}"
156,"{'label': 'POSITIVE', 'score': 0.9928741455078125}","{'label': 'POSITIVE', 'score': 0.9986984729766846}"
157,"{'label': 'POSITIVE', 'score': 0.9816068410873413}","{'label': 'POSITIVE', 'score': 0.9986615180969238}"
158,"{'label': 'POSITIVE', 'score': 0.9848480820655823}","{'label': 'NEGATIVE', 'score': 0.999160647392273}"
159,"{'label': 'NEGATIVE', 'score': 0.9739621877670288}","{'label': 'POSITIVE', 'score': 0.9988481998443604}"
160,"{'label': 'POSITIVE', 'score': 0.7270452976226807}","{'label': 'POSITIVE', 'score': 0.9986795783042908}"
161,"{'label': 'POSITIVE', 'score': 0.9851298332214355}","{'label': 'POSITIVE', 'score': 0.9988734126091003}"
162,"{'label': 'POSITIVE', 'score': 0.9847518801689148}","{'label': 'NEGATIVE', 'score': 0.9988901019096375}"
163,"{'label': 'POSITIVE', 'score': 0.9492998719215393}","{'label': 'POSITIVE', 'score': 0.9988929629325867}"
164,"{'label': 'POSITIVE', 'score': 0.9812387228012085}","{'label': 'POSITIVE', 'score': 0.9988974332809448}"
165,"{'label': 'NEGATIVE', 'score': 0.8961836695671082}","{'label': 'POSITIVE', 'score': 0.997281551361084}"
166,"{'label': 'POSITIVE', 'score': 0.9854560494422913}","{'label': 'POSITIVE', 'score': 0.9989198446273804}"
167,"{'label': 'POSITIVE', 'score': 0.9903312921524048}","{'label': 'POSITIVE', 'score': 0.9987515211105347}"
168,"{'label': 'POSITIVE', 'score': 0.9846845269203186}","{'label': 'POSITIVE', 'score': 0.998578667640686}"
169,"{'label': 'POSITIVE', 'score': 0.9823035597801208}","{'label': 'NEGATIVE', 'score': 0.9895882606506348}"
170,"{'label': 'POSITIVE', 'score': 0.9769946336746216}","{'label': 'POSITIVE', 'score': 0.9988468885421753}"
171,"{'label': 'POSITIVE', 'score': 0.9775323867797852}","{'label': 'NEGATIVE', 'score': 0.9995059967041016}"
172,"{'label': 'POSITIVE', 'score': 0.9828328490257263}","{'label': 'POSITIVE', 'score': 0.9988549947738647}"
173,"{'label': 'POSITIVE', 'score': 0.9824177622795105}","{'label': 'POSITIVE', 'score': 0.9988693594932556}"
174,"{'label': 'POSITIVE', 'score': 0.9879690408706665}","{'label': 'POSITIVE', 'score': 0.9983426332473755}"
175,"{'label': 'POSITIVE', 'score': 0.991010308265686}","{'label': 'NEGATIVE', 'score': 0.9994625449180603}"
176,"{'label': 'POSITIVE', 'score': 0.9922162294387817}","{'label': 'POSITIVE', 'score': 0.9988454580307007}"
177,"{'label': 'POSITIVE', 'score': 0.9710626006126404}","{'label': 'NEGATIVE', 'score': 0.9991024732589722}"
178,"{'label': 'POSITIVE', 'score': 0.9834004044532776}","{'label': 'POSITIVE', 'score': 0.998916745185852}"
179,"{'label': 'POSITIVE', 'score': 0.983983039855957}","{'label': 'NEGATIVE', 'score': 0.9994634985923767}"
180,"{'label': 'POSITIVE', 'score': 0.9916622638702393}","{'label': 'POSITIVE', 'score': 0.9986447691917419}"
181,"{'label': 'POSITIVE', 'score': 0.9805004596710205}","{'label': 'NEGATIVE', 'score': 0.9838125705718994}"
182,"{'label': 'POSITIVE', 'score': 0.9480437636375427}","{'label': 'POSITIVE', 'score': 0.7053977251052856}"
183,"{'label': 'POSITIVE', 'score': 0.9599341154098511}","{'label': 'NEGATIVE', 'score': 0.9405338168144226}"
184,"{'label': 'POSITIVE', 'score': 0.9763047695159912}","{'label': 'NEGATIVE', 'score': 0.7481728196144104}"
185,"{'label': 'POSITIVE', 'score': 0.8446787595748901}","{'label': 'NEGATIVE', 'score': 0.9378766417503357}"
186,"{'label': 'POSITIVE', 'score': 0.9876812696456909}","{'label': 'NEGATIVE', 'score': 0.9656301736831665}"
187,"{'label': 'POSITIVE', 'score': 0.9717517495155334}","{'label': 'NEGATIVE', 'score': 0.9010286927223206}"
188,"{'label': 'NEGATIVE', 'score': 0.9139694571495056}","{'label': 'NEGATIVE', 'score': 0.9010286927223206}"
189,"{'label': 'NEGATIVE', 'score': 0.9739742875099182}","{'label': 'NEGATIVE', 'score': 0.9010286927223206}"
190,"{'label': 'NEGATIVE', 'score': 0.982410728931427}","{'label': 'NEGATIVE', 'score': 0.9010286927223206}"
191,"{'label': 'NEGATIVE', 'score': 0.9480022192001343}","{'label': 'NEGATIVE', 'score': 0.9644762277603149}"
192,"{'label': 'NEGATIVE', 'score': 0.8885896801948547}","{'label': 'NEGATIVE', 'score': 0.9405338168144226}"
193,"{'label': 'NEGATIVE', 'score': 0.9836097955703735}","{'label': 'NEGATIVE', 'score': 0.9495143294334412}"
194,"{'label': 'POSITIVE', 'score': 0.6375827789306641}","{'label': 'NEGATIVE', 'score': 0.9656301736831665}"
195,"{'label': 'NEGATIVE', 'score': 0.9608897566795349}","{'label': 'NEGATIVE', 'score': 0.9010286927223206}"
196,"{'label': 'NEGATIVE', 'score': 0.7877600193023682}","{'label': 'NEGATIVE', 'score': 0.9656301736831665}"
197,"{'label': 'NEGATIVE', 'score': 0.9405866861343384}","{'label': 'POSITIVE', 'score': 0.6210360527038574}"
198,"{'label': 'NEGATIVE', 'score': 0.9634634256362915}","{'label': 'POSITIVE', 'score': 0.950011670589447}"
199,"{'label': 'NEGATIVE', 'score': 0.6841915249824524}","{'label': 'NEGATIVE', 'score': 0.9495143294334412}"
200,"{'label': 'POSITIVE', 'score': 0.9807654023170471}","{'label': 'NEGATIVE', 'score': 0.9838125705718994}"
201,"{'label': 'POSITIVE', 'score': 0.8893715143203735}","{'label': 'POSITIVE', 'score': 0.9702163338661194}"
202,"{'label': 'POSITIVE', 'score': 0.978706955909729}","{'label': 'NEGATIVE', 'score': 0.6055190563201904}"
203,"{'label': 'POSITIVE', 'score': 0.9003803730010986}","{'label': 'NEGATIVE', 'score': 0.9656301736831665}"
204,"{'label': 'POSITIVE', 'score': 0.9803351163864136}","{'label': 'POSITIVE', 'score': 0.7053977251052856}"
205,"{'label': 'POSITIVE', 'score': 0.9348785281181335}","{'label': 'POSITIVE', 'score': 0.950011670589447}"
206,"{'label': 'POSITIVE', 'score': 0.9767876267433167}","{'label': 'NEGATIVE', 'score': 0.9378766417503357}"
207,"{'label': 'POSITIVE', 'score': 0.9818799495697021}","{'label': 'POSITIVE', 'score': 0.950011670589447}"
208,"{'label': 'POSITIVE', 'score': 0.9814534187316895}","{'label': 'NEGATIVE', 'score': 0.9378766417503357}"
209,"{'label': 'POSITIVE', 'score': 0.6614647507667542}","{'label': 'POSITIVE', 'score': 0.950011670589447}"
210,"{'label': 'POSITIVE', 'score': 0.7906942963600159}","{'label': 'NEGATIVE', 'score': 0.9644762277603149}"
211,"{'label': 'POSITIVE', 'score': 0.9684052467346191}","{'label': 'POSITIVE', 'score': 0.6210360527038574}"
212,"{'label': 'NEGATIVE', 'score': 0.982986569404602}","{'label': 'NEGATIVE', 'score': 0.9010286927223206}"
213,"{'label': 'NEGATIVE', 'score': 0.9792261123657227}","{'label': 'POSITIVE', 'score': 0.6210360527038574}"
214,"{'label': 'NEGATIVE', 'score': 0.9554516077041626}","{'label': 'POSITIVE', 'score': 0.950011670589447}"
215,"{'label': 'NEGATIVE', 'score': 0.987423837184906}","{'label': 'POSITIVE', 'score': 0.950011670589447}"
216,"{'label': 'POSITIVE', 'score': 0.8100833892822266}","{'label': 'POSITIVE', 'score': 0.9636545181274414}"
217,"{'label': 'POSITIVE', 'score': 0.9810348153114319}","{'label': 'POSITIVE', 'score': 0.950011670589447}"
218,"{'label': 'POSITIVE', 'score': 0.9711142182350159}","{'label': 'POSITIVE', 'score': 0.92964106798172}"
219,"{'label': 'POSITIVE', 'score': 0.9780789017677307}","{'label': 'POSITIVE', 'score': 0.950011670589447}"
220,"{'label': 'POSITIVE', 'score': 0.8840136528015137}","{'label': 'POSITIVE', 'score': 0.950011670589447}"
221,"{'label': 'POSITIVE', 'score': 0.9843934178352356}","{'label': 'POSITIVE', 'score': 0.9636545181274414}"
222,"{'label': 'POSITIVE', 'score': 0.9820029735565186}","{'label': 'POSITIVE', 'score': 0.9636545181274414}"
223,"{'label': 'POSITIVE', 'score': 0.9781242609024048}","{'label': 'POSITIVE', 'score': 0.9636545181274414}"
224,"{'label': 'POSITIVE', 'score': 0.9845196008682251}","{'label': 'POSITIVE', 'score': 0.9636545181274414}"
225,"{'label': 'POSITIVE', 'score': 0.9403880834579468}","{'label': 'POSITIVE', 'score': 0.950011670589447}"
226,"{'label': 'POSITIVE', 'score': 0.9783461689949036}","{'label': 'POSITIVE', 'score': 0.950011670589447}"
227,"{'label': 'POSITIVE', 'score': 0.9927672147750854}","{'label': 'POSITIVE', 'score': 0.9636545181274414}"
228,"{'label': 'NEGATIVE', 'score': 0.9794832468032837}","{'label': 'POSITIVE', 'score': 0.950011670589447}"
229,"{'label': 'POSITIVE', 'score': 0.8521938920021057}","{'label': 'POSITIVE', 'score': 0.950011670589447}"
230,"{'label': 'NEGATIVE', 'score': 0.9341943860054016}","{'label': 'POSITIVE', 'score': 0.9636545181274414}"
231,"{'label': 'POSITIVE', 'score': 0.9698469638824463}","{'label': 'POSITIVE', 'score': 0.950011670589447}"
232,"{'label': 'POSITIVE', 'score': 0.980949342250824}","{'label': 'POSITIVE', 'score': 0.9702163338661194}"
233,"{'label': 'POSITIVE', 'score': 0.9763104915618896}","{'label': 'POSITIVE', 'score': 0.950011670589447}"
234,"{'label': 'POSITIVE', 'score': 0.9778453707695007}","{'label': 'POSITIVE', 'score': 0.7053977251052856}"
235,"{'label': 'NEGATIVE', 'score': 0.87724369764328}","{'label': 'POSITIVE', 'score': 0.9636545181274414}"
236,"{'label': 'POSITIVE', 'score': 0.9910317659378052}","{'label': 'POSITIVE', 'score': 0.950011670589447}"
237,"{'label': 'POSITIVE', 'score': 0.96275794506073}","{'label': 'POSITIVE', 'score': 0.9702163338661194}"
238,"{'label': 'NEGATIVE', 'score': 0.7870783805847168}","{'label': 'POSITIVE', 'score': 0.9636545181274414}"
239,"{'label': 'POSITIVE', 'score': 0.7396743297576904}","{'label': 'POSITIVE', 'score': 0.9636545181274414}"
240,"{'label': 'POSITIVE', 'score': 0.9797654747962952}","{'label': 'POSITIVE', 'score': 0.9636545181274414}"
241,"{'label': 'POSITIVE', 'score': 0.9773960113525391}","{'label': 'POSITIVE', 'score': 0.9636545181274414}"
242,"{'label': 'NEGATIVE', 'score': 0.9827786087989807}","{'label': 'POSITIVE', 'score': 0.6210360527038574}"
243,"{'label': 'POSITIVE', 'score': 0.9122436046600342}","{'label': 'POSITIVE', 'score': 0.950011670589447}"
244,"{'label': 'POSITIVE', 'score': 0.9819921255111694}","{'label': 'POSITIVE', 'score': 0.9702163338661194}"
245,"{'label': 'NEGATIVE', 'score': 0.6844003200531006}","{'label': 'POSITIVE', 'score': 0.950011670589447}"
246,"{'label': 'POSITIVE', 'score': 0.9781731963157654}","{'label': 'NEGATIVE', 'score': 0.9838125705718994}"
247,"{'label': 'POSITIVE', 'score': 0.9862738251686096}","{'label': 'POSITIVE', 'score': 0.950011670589447}"
248,"{'label': 'POSITIVE', 'score': 0.9833189249038696}","{'label': 'POSITIVE', 'score': 0.9636545181274414}"
249,"{'label': 'POSITIVE', 'score': 0.9818844199180603}","{'label': 'POSITIVE', 'score': 0.6210360527038574}"
250,"{'label': 'POSITIVE', 'score': 0.9766069054603577}","{'label': 'NEGATIVE', 'score': 0.9405338168144226}"
251,"{'label': 'POSITIVE', 'score': 0.9685976505279541}","{'label': 'POSITIVE', 'score': 0.950011670589447}"
252,"{'label': 'POSITIVE', 'score': 0.9761276841163635}","{'label': 'POSITIVE', 'score': 0.950011670589447}"
253,"{'label': 'POSITIVE', 'score': 0.9837108254432678}","{'label': 'POSITIVE', 'score': 0.950011670589447}"
254,"{'label': 'POSITIVE', 'score': 0.9801616668701172}","{'label': 'POSITIVE', 'score': 0.950011670589447}"
255,"{'label': 'POSITIVE', 'score': 0.9753511548042297}","{'label': 'POSITIVE', 'score': 0.9636545181274414}"
256,"{'label': 'POSITIVE', 'score': 0.9823237657546997}","{'label': 'POSITIVE', 'score': 0.950011670589447}"
257,"{'label': 'POSITIVE', 'score': 0.9729228615760803}","{'label': 'POSITIVE', 'score': 0.950011670589447}"
258,"{'label': 'NEGATIVE', 'score': 0.7992210984230042}","{'label': 'POSITIVE', 'score': 0.950011670589447}"
259,"{'label': 'POSITIVE', 'score': 0.9777175188064575}","{'label': 'POSITIVE', 'score': 0.9636545181274414}"
260,"{'label': 'POSITIVE', 'score': 0.8739686608314514}","{'label': 'POSITIVE', 'score': 0.950011670589447}"
261,"{'label': 'POSITIVE', 'score': 0.9821916222572327}","{'label': 'POSITIVE', 'score': 0.9636545181274414}"
262,"{'label': 'POSITIVE', 'score': 0.968468964099884}","{'label': 'POSITIVE', 'score': 0.9636545181274414}"
263,"{'label': 'NEGATIVE', 'score': 0.963336706161499}","{'label': 'POSITIVE', 'score': 0.950011670589447}"
264,"{'label': 'POSITIVE', 'score': 0.9694273471832275}","{'label': 'POSITIVE', 'score': 0.9636545181274414}"
265,"{'label': 'POSITIVE', 'score': 0.9732495546340942}","{'label': 'NEGATIVE', 'score': 0.9838125705718994}"
266,"{'label': 'NEGATIVE', 'score': 0.9135540723800659}","{'label': 'NEGATIVE', 'score': 0.9838125705718994}"
267,"{'label': 'POSITIVE', 'score': 0.9841387867927551}","{'label': 'POSITIVE', 'score': 0.950011670589447}"
268,"{'label': 'POSITIVE', 'score': 0.9406272768974304}","{'label': 'POSITIVE', 'score': 0.9636545181274414}"
269,"{'label': 'POSITIVE', 'score': 0.9915558099746704}","{'label': 'POSITIVE', 'score': 0.950011670589447}"
270,"{'label': 'POSITIVE', 'score': 0.9831418991088867}","{'label': 'POSITIVE', 'score': 0.950011670589447}"
271,"{'label': 'POSITIVE', 'score': 0.9855896830558777}","{'label': 'POSITIVE', 'score': 0.950011670589447}"
272,"{'label': 'POSITIVE', 'score': 0.9794856309890747}","{'label': 'POSITIVE', 'score': 0.950011670589447}"
273,"{'label': 'POSITIVE', 'score': 0.9816376566886902}","{'label': 'POSITIVE', 'score': 0.9636545181274414}"
274,"{'label': 'POSITIVE', 'score': 0.9827461242675781}","{'label': 'POSITIVE', 'score': 0.950011670589447}"
275,"{'label': 'POSITIVE', 'score': 0.9754270315170288}","{'label': 'POSITIVE', 'score': 0.9636545181274414}"
276,"{'label': 'NEGATIVE', 'score': 0.9862896800041199}","{'label': 'POSITIVE', 'score': 0.950011670589447}"
277,"{'label': 'POSITIVE', 'score': 0.9743757247924805}","{'label': 'POSITIVE', 'score': 0.950011670589447}"
278,"{'label': 'NEGATIVE', 'score': 0.8924944400787354}","{'label': 'POSITIVE', 'score': 0.9702163338661194}"
279,"{'label': 'POSITIVE', 'score': 0.5514323115348816}","{'label': 'POSITIVE', 'score': 0.7053977251052856}"
280,"{'label': 'NEGATIVE', 'score': 0.9770811200141907}","{'label': 'POSITIVE', 'score': 0.950011670589447}"
281,"{'label': 'NEGATIVE', 'score': 0.9893649816513062}","{'label': 'POSITIVE', 'score': 0.9636545181274414}"
282,"{'label': 'NEGATIVE', 'score': 0.9801403880119324}","{'label': 'POSITIVE', 'score': 0.6210360527038574}"
283,"{'label': 'NEGATIVE', 'score': 0.9831324219703674}","{'label': 'POSITIVE', 'score': 0.950011670589447}"
284,"{'label': 'NEGATIVE', 'score': 0.9883370995521545}","{'label': 'POSITIVE', 'score': 0.950011670589447}"
285,"{'label': 'POSITIVE', 'score': 0.9434401988983154}","{'label': 'NEGATIVE', 'score': 0.9405338168144226}"
286,"{'label': 'POSITIVE', 'score': 0.9607644081115723}","{'label': 'POSITIVE', 'score': 0.950011670589447}"
287,"{'label': 'NEGATIVE', 'score': 0.9857479929924011}","{'label': 'POSITIVE', 'score': 0.6210360527038574}"
288,"{'label': 'POSITIVE', 'score': 0.9779868721961975}","{'label': 'POSITIVE', 'score': 0.9636545181274414}"
289,"{'label': 'POSITIVE', 'score': 0.9640166759490967}","{'label': 'POSITIVE', 'score': 0.9636545181274414}"
290,"{'label': 'NEGATIVE', 'score': 0.7877399325370789}","{'label': 'POSITIVE', 'score': 0.9636545181274414}"
291,"{'label': 'POSITIVE', 'score': 0.9815463423728943}","{'label': 'POSITIVE', 'score': 0.950011670589447}"
292,"{'label': 'NEGATIVE', 'score': 0.9869912266731262}","{'label': 'POSITIVE', 'score': 0.9702163338661194}"
293,"{'label': 'NEGATIVE', 'score': 0.8712306618690491}","{'label': 'POSITIVE', 'score': 0.9636545181274414}"
294,"{'label': 'NEGATIVE', 'score': 0.9872894883155823}","{'label': 'POSITIVE', 'score': 0.7053977251052856}"
295,"{'label': 'POSITIVE', 'score': 0.5142381191253662}","{'label': 'POSITIVE', 'score': 0.950011670589447}"
296,"{'label': 'POSITIVE', 'score': 0.8102050423622131}","{'label': 'POSITIVE', 'score': 0.9636545181274414}"
297,"{'label': 'POSITIVE', 'score': 0.977656900882721}","{'label': 'POSITIVE', 'score': 0.950011670589447}"
298,"{'label': 'POSITIVE', 'score': 0.9495501518249512}","{'label': 'POSITIVE', 'score': 0.9636545181274414}"
299,"{'label': 'POSITIVE', 'score': 0.9839645624160767}","{'label': 'POSITIVE', 'score': 0.950011670589447}"
300,"{'label': 'POSITIVE', 'score': 0.9785555601119995}","{'label': 'POSITIVE', 'score': 0.950011670589447}"
301,"{'label': 'POSITIVE', 'score': 0.9685200452804565}","{'label': 'NEGATIVE', 'score': 0.9838125705718994}"
302,"{'label': 'POSITIVE', 'score': 0.9463226199150085}","{'label': 'POSITIVE', 'score': 0.9636545181274414}"
303,"{'label': 'POSITIVE', 'score': 0.9468665719032288}","{'label': 'NEGATIVE', 'score': 0.6055190563201904}"
304,"{'label': 'NEGATIVE', 'score': 0.7609867453575134}","{'label': 'POSITIVE', 'score': 0.950011670589447}"
305,"{'label': 'NEGATIVE', 'score': 0.6310498714447021}","{'label': 'POSITIVE', 'score': 0.950011670589447}"
306,"{'label': 'POSITIVE', 'score': 0.9852225184440613}","{'label': 'NEGATIVE', 'score': 0.9010286927223206}"
307,"{'label': 'POSITIVE', 'score': 0.7382263541221619}","{'label': 'POSITIVE', 'score': 0.950011670589447}"
308,"{'label': 'POSITIVE', 'score': 0.9854879975318909}","{'label': 'POSITIVE', 'score': 0.950011670589447}"
309,"{'label': 'NEGATIVE', 'score': 0.9590597748756409}","{'label': 'POSITIVE', 'score': 0.6210360527038574}"
310,"{'label': 'POSITIVE', 'score': 0.988463819026947}","{'label': 'POSITIVE', 'score': 0.9636545181274414}"
311,"{'label': 'POSITIVE', 'score': 0.9613346457481384}","{'label': 'POSITIVE', 'score': 0.9636545181274414}"
312,"{'label': 'POSITIVE', 'score': 0.9616319537162781}","{'label': 'POSITIVE', 'score': 0.9702163338661194}"
313,"{'label': 'POSITIVE', 'score': 0.9764818549156189}","{'label': 'POSITIVE', 'score': 0.9636545181274414}"
314,"{'label': 'POSITIVE', 'score': 0.941218376159668}","{'label': 'NEGATIVE', 'score': 0.6055190563201904}"
315,"{'label': 'POSITIVE', 'score': 0.985514760017395}","{'label': 'POSITIVE', 'score': 0.9702163338661194}"
316,"{'label': 'POSITIVE', 'score': 0.9859867691993713}","{'label': 'POSITIVE', 'score': 0.92964106798172}"
317,"{'label': 'POSITIVE', 'score': 0.7191933393478394}","{'label': 'POSITIVE', 'score': 0.9636545181274414}"
318,"{'label': 'NEGATIVE', 'score': 0.8634939789772034}","{'label': 'POSITIVE', 'score': 0.9636545181274414}"
319,"{'label': 'POSITIVE', 'score': 0.9706034064292908}","{'label': 'POSITIVE', 'score': 0.950011670589447}"
320,"{'label': 'NEGATIVE', 'score': 0.944707453250885}","{'label': 'POSITIVE', 'score': 0.950011670589447}"
321,"{'label': 'POSITIVE', 'score': 0.9726923704147339}","{'label': 'POSITIVE', 'score': 0.9636545181274414}"
322,"{'label': 'POSITIVE', 'score': 0.9687291383743286}","{'label': 'POSITIVE', 'score': 0.950011670589447}"
323,"{'label': 'NEGATIVE', 'score': 0.600928783416748}","{'label': 'POSITIVE', 'score': 0.950011670589447}"
324,"{'label': 'POSITIVE', 'score': 0.9817032217979431}","{'label': 'NEGATIVE', 'score': 0.9617418050765991}"
325,"{'label': 'POSITIVE', 'score': 0.9794767498970032}","{'label': 'POSITIVE', 'score': 0.950011670589447}"
326,"{'label': 'POSITIVE', 'score': 0.9873530864715576}","{'label': 'POSITIVE', 'score': 0.950011670589447}"
327,"{'label': 'POSITIVE', 'score': 0.985283613204956}","{'label': 'POSITIVE', 'score': 0.950011670589447}"
328,"{'label': 'POSITIVE', 'score': 0.9857109189033508}","{'label': 'POSITIVE', 'score': 0.9636545181274414}"
329,"{'label': 'POSITIVE', 'score': 0.9908629655838013}","{'label': 'POSITIVE', 'score': 0.950011670589447}"
330,"{'label': 'POSITIVE', 'score': 0.981971800327301}","{'label': 'POSITIVE', 'score': 0.950011670589447}"
331,"{'label': 'POSITIVE', 'score': 0.9845982789993286}","{'label': 'POSITIVE', 'score': 0.9636545181274414}"
332,"{'label': 'POSITIVE', 'score': 0.988949179649353}","{'label': 'NEGATIVE', 'score': 0.9656301736831665}"
333,"{'label': 'POSITIVE', 'score': 0.9845245480537415}","{'label': 'NEGATIVE', 'score': 0.9495143294334412}"
334,"{'label': 'POSITIVE', 'score': 0.9888927340507507}","{'label': 'NEGATIVE', 'score': 0.9495143294334412}"
335,"{'label': 'POSITIVE', 'score': 0.9913607239723206}","{'label': 'NEGATIVE', 'score': 0.9495143294334412}"
336,"{'label': 'POSITIVE', 'score': 0.9910761117935181}","{'label': 'NEGATIVE', 'score': 0.9010286927223206}"
337,"{'label': 'POSITIVE', 'score': 0.9889679551124573}","{'label': 'NEGATIVE', 'score': 0.9495143294334412}"
338,"{'label': 'POSITIVE', 'score': 0.9814527034759521}","{'label': 'NEGATIVE', 'score': 0.9495143294334412}"
339,"{'label': 'POSITIVE', 'score': 0.9827053546905518}","{'label': 'NEGATIVE', 'score': 0.9010286927223206}"
340,"{'label': 'POSITIVE', 'score': 0.9047396183013916}","{'label': 'NEGATIVE', 'score': 0.9010286927223206}"
341,"{'label': 'POSITIVE', 'score': 0.9561924934387207}","{'label': 'NEGATIVE', 'score': 0.9378766417503357}"
342,"{'label': 'NEGATIVE', 'score': 0.9308926463127136}","{'label': 'NEGATIVE', 'score': 0.9405338168144226}"
343,"{'label': 'POSITIVE', 'score': 0.9779630303382874}","{'label': 'NEGATIVE', 'score': 0.9405338168144226}"
344,"{'label': 'POSITIVE', 'score': 0.9917967319488525}","{'label': 'NEGATIVE', 'score': 0.9405338168144226}"
345,"{'label': 'POSITIVE', 'score': 0.9921876192092896}","{'label': 'NEGATIVE', 'score': 0.7481728196144104}"
346,"{'label': 'POSITIVE', 'score': 0.9879598617553711}","{'label': 'NEGATIVE', 'score': 0.6055190563201904}"
347,"{'label': 'POSITIVE', 'score': 0.9685811400413513}","{'label': 'POSITIVE', 'score': 0.6210360527038574}"
348,"{'label': 'NEGATIVE', 'score': 0.9103701114654541}","{'label': 'POSITIVE', 'score': 0.6210360527038574}"
349,"{'label': 'POSITIVE', 'score': 0.9775027632713318}","{'label': 'NEGATIVE', 'score': 0.6055190563201904}"
350,"{'label': 'POSITIVE', 'score': 0.9821558594703674}","{'label': 'NEGATIVE', 'score': 0.6055190563201904}"
351,"{'label': 'POSITIVE', 'score': 0.965946614742279}","{'label': 'POSITIVE', 'score': 0.92964106798172}"
352,"{'label': 'POSITIVE', 'score': 0.9761872887611389}","{'label': 'POSITIVE', 'score': 0.950011670589447}"
353,"{'label': 'NEGATIVE', 'score': 0.9876651167869568}","{'label': 'POSITIVE', 'score': 0.950011670589447}"
354,"{'label': 'POSITIVE', 'score': 0.9821515083312988}","{'label': 'POSITIVE', 'score': 0.950011670589447}"
355,"{'label': 'POSITIVE', 'score': 0.9263982772827148}","{'label': 'POSITIVE', 'score': 0.950011670589447}"
356,"{'label': 'NEGATIVE', 'score': 0.9589136242866516}","{'label': 'POSITIVE', 'score': 0.950011670589447}"
357,"{'label': 'POSITIVE', 'score': 0.9792433381080627}","{'label': 'POSITIVE', 'score': 0.950011670589447}"
358,"{'label': 'POSITIVE', 'score': 0.9464808702468872}","{'label': 'POSITIVE', 'score': 0.950011670589447}"
359,"{'label': 'POSITIVE', 'score': 0.9819058179855347}","{'label': 'POSITIVE', 'score': 0.950011670589447}"
360,"{'label': 'NEGATIVE', 'score': 0.7886677980422974}","{'label': 'POSITIVE', 'score': 0.950011670589447}"
361,"{'label': 'POSITIVE', 'score': 0.9835826754570007}","{'label': 'POSITIVE', 'score': 0.950011670589447}"
362,"{'label': 'POSITIVE', 'score': 0.9896392822265625}","{'label': 'POSITIVE', 'score': 0.950011670589447}"
363,"{'label': 'POSITIVE', 'score': 0.6848956346511841}","{'label': 'POSITIVE', 'score': 0.950011670589447}"
364,"{'label': 'POSITIVE', 'score': 0.9907737374305725}","{'label': 'POSITIVE', 'score': 0.950011670589447}"
365,"{'label': 'POSITIVE', 'score': 0.994763970375061}","{'label': 'POSITIVE', 'score': 0.950011670589447}"
366,"{'label': 'POSITIVE', 'score': 0.9897876977920532}","{'label': 'POSITIVE', 'score': 0.950011670589447}"
367,"{'label': 'POSITIVE', 'score': 0.9841012358665466}","{'label': 'POSITIVE', 'score': 0.950011670589447}"
368,"{'label': 'NEGATIVE', 'score': 0.8750390410423279}","{'label': 'POSITIVE', 'score': 0.950011670589447}"
369,"{'label': 'POSITIVE', 'score': 0.981855571269989}","{'label': 'POSITIVE', 'score': 0.950011670589447}"
370,"{'label': 'POSITIVE', 'score': 0.9262682199478149}","{'label': 'POSITIVE', 'score': 0.9636545181274414}"
371,"{'label': 'POSITIVE', 'score': 0.9851609468460083}","{'label': 'POSITIVE', 'score': 0.9636545181274414}"
372,"{'label': 'POSITIVE', 'score': 0.9872790575027466}","{'label': 'POSITIVE', 'score': 0.9636545181274414}"
373,"{'label': 'POSITIVE', 'score': 0.9801912307739258}","{'label': 'POSITIVE', 'score': 0.9636545181274414}"
374,"{'label': 'POSITIVE', 'score': 0.9868255257606506}","{'label': 'POSITIVE', 'score': 0.9636545181274414}"
375,"{'label': 'POSITIVE', 'score': 0.9825145602226257}","{'label': 'POSITIVE', 'score': 0.9636545181274414}"
376,"{'label': 'POSITIVE', 'score': 0.9859091639518738}","{'label': 'POSITIVE', 'score': 0.9702163338661194}"
377,"{'label': 'POSITIVE', 'score': 0.9687415361404419}","{'label': 'POSITIVE', 'score': 0.950011670589447}"
378,"{'label': 'POSITIVE', 'score': 0.9860446453094482}","{'label': 'NEGATIVE', 'score': 0.9010286927223206}"
379,"{'label': 'POSITIVE', 'score': 0.9866413474082947}","{'label': 'POSITIVE', 'score': 0.9636545181274414}"
380,"{'label': 'POSITIVE', 'score': 0.9824786186218262}","{'label': 'POSITIVE', 'score': 0.92964106798172}"
381,"{'label': 'NEGATIVE', 'score': 0.9594541192054749}","{'label': 'NEGATIVE', 'score': 0.9010286927223206}"
382,"{'label': 'POSITIVE', 'score': 0.9865046143531799}","{'label': 'NEGATIVE', 'score': 0.9838125705718994}"
383,"{'label': 'POSITIVE', 'score': 0.9567283987998962}","{'label': 'POSITIVE', 'score': 0.9636545181274414}"
384,"{'label': 'POSITIVE', 'score': 0.9821719527244568}","{'label': 'POSITIVE', 'score': 0.950011670589447}"
385,"{'label': 'NEGATIVE', 'score': 0.9270793795585632}","{'label': 'NEGATIVE', 'score': 0.9405338168144226}"
386,"{'label': 'NEGATIVE', 'score': 0.9662105441093445}","{'label': 'POSITIVE', 'score': 0.950011670589447}"
387,"{'label': 'POSITIVE', 'score': 0.9826359748840332}","{'label': 'NEGATIVE', 'score': 0.9656301736831665}"
388,"{'label': 'NEGATIVE', 'score': 0.9888400435447693}","{'label': 'POSITIVE', 'score': 0.9702163338661194}"
389,"{'label': 'POSITIVE', 'score': 0.962838351726532}","{'label': 'POSITIVE', 'score': 0.950011670589447}"
390,"{'label': 'POSITIVE', 'score': 0.966467559337616}","{'label': 'POSITIVE', 'score': 0.9702163338661194}"
391,"{'label': 'NEGATIVE', 'score': 0.9380397200584412}","{'label': 'POSITIVE', 'score': 0.92964106798172}"
392,"{'label': 'POSITIVE', 'score': 0.9840129613876343}","{'label': 'NEGATIVE', 'score': 0.9656301736831665}"
393,"{'label': 'NEGATIVE', 'score': 0.9820895195007324}","{'label': 'POSITIVE', 'score': 0.9702163338661194}"
394,"{'label': 'NEGATIVE', 'score': 0.8272855877876282}","{'label': 'POSITIVE', 'score': 0.9702163338661194}"
395,"{'label': 'NEGATIVE', 'score': 0.5987958908081055}","{'label': 'POSITIVE', 'score': 0.9636545181274414}"
396,"{'label': 'NEGATIVE', 'score': 0.9727185368537903}","{'label': 'NEGATIVE', 'score': 0.6055190563201904}"
397,"{'label': 'NEGATIVE', 'score': 0.9761921763420105}","{'label': 'POSITIVE', 'score': 0.950011670589447}"
398,"{'label': 'NEGATIVE', 'score': 0.9470753073692322}","{'label': 'POSITIVE', 'score': 0.9702163338661194}"
399,"{'label': 'POSITIVE', 'score': 0.6573120951652527}","{'label': 'POSITIVE', 'score': 0.950011670589447}"
400,"{'label': 'POSITIVE', 'score': 0.9616380333900452}","{'label': 'POSITIVE', 'score': 0.950011670589447}"
401,"{'label': 'POSITIVE', 'score': 0.9748572707176208}","{'label': 'NEGATIVE', 'score': 0.9995020627975464}"
402,"{'label': 'POSITIVE', 'score': 0.9765127897262573}","{'label': 'NEGATIVE', 'score': 0.9994537234306335}"
403,"{'label': 'POSITIVE', 'score': 0.9713037014007568}","{'label': 'NEGATIVE', 'score': 0.9995077848434448}"
404,"{'label': 'NEGATIVE', 'score': 0.9985659718513489}","{'label': 'NEGATIVE', 'score': 0.9995007514953613}"
405,"{'label': 'NEGATIVE', 'score': 0.8984325528144836}","{'label': 'NEGATIVE', 'score': 0.9995089769363403}"
406,"{'label': 'NEGATIVE', 'score': 0.979607343673706}","{'label': 'NEGATIVE', 'score': 0.9995025396347046}"
407,"{'label': 'POSITIVE', 'score': 0.8809576034545898}","{'label': 'NEGATIVE', 'score': 0.9995092153549194}"
408,"{'label': 'NEGATIVE', 'score': 0.9820423722267151}","{'label': 'NEGATIVE', 'score': 0.9995085000991821}"
409,"{'label': 'NEGATIVE', 'score': 0.906386137008667}","{'label': 'POSITIVE', 'score': 0.9989124536514282}"
410,"{'label': 'NEGATIVE', 'score': 0.9883344173431396}","{'label': 'NEGATIVE', 'score': 0.9995046854019165}"
411,"{'label': 'NEGATIVE', 'score': 0.9744309186935425}","{'label': 'NEGATIVE', 'score': 0.9994980096817017}"
412,"{'label': 'POSITIVE', 'score': 0.9779253005981445}","{'label': 'NEGATIVE', 'score': 0.9995013475418091}"
413,"{'label': 'POSITIVE', 'score': 0.9746893048286438}","{'label': 'NEGATIVE', 'score': 0.999505877494812}"
414,"{'label': 'POSITIVE', 'score': 0.9909042716026306}","{'label': 'NEGATIVE', 'score': 0.9995057582855225}"
415,"{'label': 'NEGATIVE', 'score': 0.5339592099189758}","{'label': 'NEGATIVE', 'score': 0.9994996786117554}"
416,"{'label': 'NEGATIVE', 'score': 0.974481999874115}","{'label': 'NEGATIVE', 'score': 0.9995099306106567}"
417,"{'label': 'NEGATIVE', 'score': 0.9445720911026001}","{'label': 'NEGATIVE', 'score': 0.9994971752166748}"
418,"{'label': 'NEGATIVE', 'score': 0.9820844531059265}","{'label': 'NEGATIVE', 'score': 0.9995065927505493}"
419,"{'label': 'NEGATIVE', 'score': 0.9790793657302856}","{'label': 'NEGATIVE', 'score': 0.9995146989822388}"
420,"{'label': 'NEGATIVE', 'score': 0.9850216507911682}","{'label': 'POSITIVE', 'score': 0.9988677501678467}"
421,"{'label': 'POSITIVE', 'score': 0.9230855107307434}","{'label': 'NEGATIVE', 'score': 0.9995125532150269}"
422,"{'label': 'POSITIVE', 'score': 0.8837777376174927}","{'label': 'NEGATIVE', 'score': 0.9995087385177612}"
423,"{'label': 'POSITIVE', 'score': 0.5428191423416138}","{'label': 'NEGATIVE', 'score': 0.9995030164718628}"
424,"{'label': 'POSITIVE', 'score': 0.9798741936683655}","{'label': 'NEGATIVE', 'score': 0.999505877494812}"
425,"{'label': 'NEGATIVE', 'score': 0.7527860403060913}","{'label': 'NEGATIVE', 'score': 0.9995038509368896}"
426,"{'label': 'POSITIVE', 'score': 0.9712576866149902}","{'label': 'NEGATIVE', 'score': 0.9995063543319702}"
427,"{'label': 'POSITIVE', 'score': 0.9466591477394104}","{'label': 'NEGATIVE', 'score': 0.9994988441467285}"
428,"{'label': 'NEGATIVE', 'score': 0.9826385974884033}","{'label': 'NEGATIVE', 'score': 0.9995079040527344}"
429,"{'label': 'NEGATIVE', 'score': 0.8988391757011414}","{'label': 'NEGATIVE', 'score': 0.999503493309021}"
430,"{'label': 'POSITIVE', 'score': 0.903152346611023}","{'label': 'POSITIVE', 'score': 0.9961745738983154}"
431,"{'label': 'POSITIVE', 'score': 0.913180947303772}","{'label': 'NEGATIVE', 'score': 0.9995098114013672}"
432,"{'label': 'POSITIVE', 'score': 0.9889498353004456}","{'label': 'POSITIVE', 'score': 0.9989193677902222}"
433,"{'label': 'POSITIVE', 'score': 0.9491212368011475}","{'label': 'POSITIVE', 'score': 0.9988934397697449}"
434,"{'label': 'NEGATIVE', 'score': 0.9894077777862549}","{'label': 'NEGATIVE', 'score': 0.9995013475418091}"
435,"{'label': 'NEGATIVE', 'score': 0.9879716038703918}","{'label': 'NEGATIVE', 'score': 0.999506950378418}"
436,"{'label': 'NEGATIVE', 'score': 0.9452680349349976}","{'label': 'NEGATIVE', 'score': 0.9995115995407104}"
437,"{'label': 'NEGATIVE', 'score': 0.988346517086029}","{'label': 'NEGATIVE', 'score': 0.9995061159133911}"
438,"{'label': 'NEGATIVE', 'score': 0.9904400110244751}","{'label': 'POSITIVE', 'score': 0.9989074468612671}"
439,"{'label': 'POSITIVE', 'score': 0.9070963859558105}","{'label': 'POSITIVE', 'score': 0.998914361000061}"
440,"{'label': 'NEGATIVE', 'score': 0.9767722487449646}","{'label': 'NEGATIVE', 'score': 0.9995027780532837}"
441,"{'label': 'NEGATIVE', 'score': 0.9814729690551758}","{'label': 'NEGATIVE', 'score': 0.9995107650756836}"
442,"{'label': 'NEGATIVE', 'score': 0.7939783930778503}","{'label': 'POSITIVE', 'score': 0.9988052845001221}"
443,"{'label': 'NEGATIVE', 'score': 0.9783433079719543}","{'label': 'NEGATIVE', 'score': 0.9995102882385254}"
444,"{'label': 'POSITIVE', 'score': 0.9851367473602295}","{'label': 'POSITIVE', 'score': 0.99885094165802}"
445,"{'label': 'NEGATIVE', 'score': 0.9889633655548096}","{'label': 'NEGATIVE', 'score': 0.9994582533836365}"
446,"{'label': 'POSITIVE', 'score': 0.991637647151947}","{'label': 'POSITIVE', 'score': 0.9989380240440369}"
447,"{'label': 'NEGATIVE', 'score': 0.9675396084785461}","{'label': 'POSITIVE', 'score': 0.9985690116882324}"
448,"{'label': 'POSITIVE', 'score': 0.9728646278381348}","{'label': 'POSITIVE', 'score': 0.9989326596260071}"
449,"{'label': 'POSITIVE', 'score': 0.9855140447616577}","{'label': 'NEGATIVE', 'score': 0.9995076656341553}"
450,"{'label': 'POSITIVE', 'score': 0.9833475947380066}","{'label': 'POSITIVE', 'score': 0.998931348323822}"
451,"{'label': 'POSITIVE', 'score': 0.9789286255836487}","{'label': 'NEGATIVE', 'score': 0.9995050430297852}"
452,"{'label': 'POSITIVE', 'score': 0.9596996307373047}","{'label': 'NEGATIVE', 'score': 0.9994916915893555}"
453,"{'label': 'POSITIVE', 'score': 0.9836061000823975}","{'label': 'NEGATIVE', 'score': 0.9995101690292358}"
454,"{'label': 'POSITIVE', 'score': 0.9870734214782715}","{'label': 'POSITIVE', 'score': 0.9989308714866638}"
455,"{'label': 'NEGATIVE', 'score': 0.7641012668609619}","{'label': 'POSITIVE', 'score': 0.998848557472229}"
456,"{'label': 'NEGATIVE', 'score': 0.9767239093780518}","{'label': 'POSITIVE', 'score': 0.9988536834716797}"
457,"{'label': 'POSITIVE', 'score': 0.986199140548706}","{'label': 'NEGATIVE', 'score': 0.9995110034942627}"
458,"{'label': 'POSITIVE', 'score': 0.9811751246452332}","{'label': 'NEGATIVE', 'score': 0.9994958639144897}"
459,"{'label': 'NEGATIVE', 'score': 0.5794072151184082}","{'label': 'NEGATIVE', 'score': 0.9995012283325195}"
460,"{'label': 'POSITIVE', 'score': 0.9796215295791626}","{'label': 'NEGATIVE', 'score': 0.9994962215423584}"
461,"{'label': 'POSITIVE', 'score': 0.9846518039703369}","{'label': 'POSITIVE', 'score': 0.9989333748817444}"
462,"{'label': 'POSITIVE', 'score': 0.9827531576156616}","{'label': 'POSITIVE', 'score': 0.9989234805107117}"
463,"{'label': 'POSITIVE', 'score': 0.9873768091201782}","{'label': 'POSITIVE', 'score': 0.998904824256897}"
464,"{'label': 'POSITIVE', 'score': 0.9795658588409424}","{'label': 'NEGATIVE', 'score': 0.9995008707046509}"
465,"{'label': 'POSITIVE', 'score': 0.9392301440238953}","{'label': 'POSITIVE', 'score': 0.9989097118377686}"
466,"{'label': 'POSITIVE', 'score': 0.9849936962127686}","{'label': 'NEGATIVE', 'score': 0.9985153079032898}"
467,"{'label': 'NEGATIVE', 'score': 0.9806297421455383}","{'label': 'POSITIVE', 'score': 0.9988971948623657}"
468,"{'label': 'NEGATIVE', 'score': 0.5553726553916931}","{'label': 'POSITIVE', 'score': 0.9989097118377686}"
469,"{'label': 'POSITIVE', 'score': 0.8481495380401611}","{'label': 'POSITIVE', 'score': 0.9988866448402405}"
470,"{'label': 'POSITIVE', 'score': 0.9881715178489685}","{'label': 'NEGATIVE', 'score': 0.999489426612854}"
471,"{'label': 'POSITIVE', 'score': 0.9841912984848022}","{'label': 'NEGATIVE', 'score': 0.9994990825653076}"
472,"{'label': 'POSITIVE', 'score': 0.9287230968475342}","{'label': 'NEGATIVE', 'score': 0.9993314743041992}"
473,"{'label': 'POSITIVE', 'score': 0.9794958233833313}","{'label': 'NEGATIVE', 'score': 0.9994926452636719}"
474,"{'label': 'POSITIVE', 'score': 0.9770220518112183}","{'label': 'NEGATIVE', 'score': 0.9994978904724121}"
475,"{'label': 'POSITIVE', 'score': 0.9031587243080139}","{'label': 'NEGATIVE', 'score': 0.9788716435432434}"
476,"{'label': 'POSITIVE', 'score': 0.9875726699829102}","{'label': 'POSITIVE', 'score': 0.9989226460456848}"
477,"{'label': 'POSITIVE', 'score': 0.9590847492218018}","{'label': 'NEGATIVE', 'score': 0.9992751479148865}"
478,"{'label': 'NEGATIVE', 'score': 0.984135091304779}","{'label': 'POSITIVE', 'score': 0.9989286065101624}"
479,"{'label': 'POSITIVE', 'score': 0.9659867882728577}","{'label': 'POSITIVE', 'score': 0.9972063899040222}"
480,"{'label': 'NEGATIVE', 'score': 0.9669541716575623}","{'label': 'NEGATIVE', 'score': 0.9991242289543152}"
481,"{'label': 'POSITIVE', 'score': 0.9885936975479126}","{'label': 'POSITIVE', 'score': 0.9989140033721924}"
482,"{'label': 'POSITIVE', 'score': 0.9818257093429565}","{'label': 'POSITIVE', 'score': 0.9989181756973267}"
483,"{'label': 'POSITIVE', 'score': 0.9816368222236633}","{'label': 'POSITIVE', 'score': 0.9989069700241089}"
484,"{'label': 'POSITIVE', 'score': 0.9452856183052063}","{'label': 'POSITIVE', 'score': 0.9984978437423706}"
485,"{'label': 'POSITIVE', 'score': 0.9382286071777344}","{'label': 'POSITIVE', 'score': 0.9989198446273804}"
486,"{'label': 'POSITIVE', 'score': 0.9857454299926758}","{'label': 'NEGATIVE', 'score': 0.9995077848434448}"
487,"{'label': 'POSITIVE', 'score': 0.9572978615760803}","{'label': 'NEGATIVE', 'score': 0.9994996786117554}"
488,"{'label': 'POSITIVE', 'score': 0.9838371872901917}","{'label': 'NEGATIVE', 'score': 0.9995001554489136}"
489,"{'label': 'POSITIVE', 'score': 0.9695066809654236}","{'label': 'POSITIVE', 'score': 0.9989039897918701}"
490,"{'label': 'NEGATIVE', 'score': 0.9785478115081787}","{'label': 'POSITIVE', 'score': 0.9988380074501038}"
491,"{'label': 'POSITIVE', 'score': 0.9820934534072876}","{'label': 'POSITIVE', 'score': 0.9989342093467712}"
492,"{'label': 'POSITIVE', 'score': 0.9841687083244324}","{'label': 'NEGATIVE', 'score': 0.9995039701461792}"
493,"{'label': 'POSITIVE', 'score': 0.9852986335754395}","{'label': 'NEGATIVE', 'score': 0.9983516931533813}"
494,"{'label': 'NEGATIVE', 'score': 0.8129900693893433}","{'label': 'POSITIVE', 'score': 0.99885094165802}"
495,"{'label': 'POSITIVE', 'score': 0.8845462799072266}","{'label': 'NEGATIVE', 'score': 0.999503493309021}"
496,"{'label': 'NEGATIVE', 'score': 0.6637088060379028}","{'label': 'POSITIVE', 'score': 0.9989147186279297}"
497,"{'label': 'POSITIVE', 'score': 0.9576386213302612}","{'label': 'NEGATIVE', 'score': 0.9995080232620239}"
498,"{'label': 'POSITIVE', 'score': 0.9874405860900879}","{'label': 'POSITIVE', 'score': 0.9979637861251831}"
499,"{'label': 'POSITIVE', 'score': 0.5447078943252563}","{'label': 'NEGATIVE', 'score': 0.9994885921478271}"
500,"{'label': 'NEGATIVE', 'score': 0.9479108452796936}","{'label': 'NEGATIVE', 'score': 0.999497652053833}"
501,"{'label': 'POSITIVE', 'score': 0.9837259650230408}","{'label': 'POSITIVE', 'score': 0.9988565444946289}"
502,"{'label': 'POSITIVE', 'score': 0.9892253279685974}","{'label': 'POSITIVE', 'score': 0.9989155530929565}"
503,"{'label': 'POSITIVE', 'score': 0.9925806522369385}","{'label': 'NEGATIVE', 'score': 0.9988523721694946}"
504,"{'label': 'POSITIVE', 'score': 0.9904419183731079}","{'label': 'POSITIVE', 'score': 0.998852014541626}"
505,"{'label': 'POSITIVE', 'score': 0.9831402897834778}","{'label': 'NEGATIVE', 'score': 0.99947589635849}"
506,"{'label': 'POSITIVE', 'score': 0.9924365878105164}","{'label': 'NEGATIVE', 'score': 0.999497652053833}"
507,"{'label': 'POSITIVE', 'score': 0.9881762266159058}","{'label': 'POSITIVE', 'score': 0.9989172220230103}"
508,"{'label': 'NEGATIVE', 'score': 0.888350248336792}","{'label': 'POSITIVE', 'score': 0.9989134073257446}"
509,"{'label': 'POSITIVE', 'score': 0.9862729907035828}","{'label': 'NEGATIVE', 'score': 0.9989079236984253}"
510,"{'label': 'POSITIVE', 'score': 0.7241353988647461}","{'label': 'NEGATIVE', 'score': 0.9994907379150391}"
511,"{'label': 'POSITIVE', 'score': 0.9939239621162415}","{'label': 'POSITIVE', 'score': 0.9984564781188965}"
512,"{'label': 'POSITIVE', 'score': 0.9610458612442017}","{'label': 'POSITIVE', 'score': 0.9989147186279297}"
513,"{'label': 'POSITIVE', 'score': 0.9814385175704956}","{'label': 'POSITIVE', 'score': 0.9988800883293152}"
514,"{'label': 'POSITIVE', 'score': 0.9860411286354065}","{'label': 'POSITIVE', 'score': 0.9989250302314758}"
515,"{'label': 'POSITIVE', 'score': 0.9841750264167786}","{'label': 'NEGATIVE', 'score': 0.9995101690292358}"
516,"{'label': 'POSITIVE', 'score': 0.9596933126449585}","{'label': 'POSITIVE', 'score': 0.9989240765571594}"
517,"{'label': 'POSITIVE', 'score': 0.9869699478149414}","{'label': 'NEGATIVE', 'score': 0.9994972944259644}"
518,"{'label': 'POSITIVE', 'score': 0.9758495688438416}","{'label': 'POSITIVE', 'score': 0.9988749623298645}"
519,"{'label': 'POSITIVE', 'score': 0.9873872399330139}","{'label': 'POSITIVE', 'score': 0.9989240765571594}"
520,"{'label': 'POSITIVE', 'score': 0.9699050784111023}","{'label': 'POSITIVE', 'score': 0.9988887906074524}"
521,"{'label': 'POSITIVE', 'score': 0.9855651259422302}","{'label': 'NEGATIVE', 'score': 0.9904232025146484}"
522,"{'label': 'POSITIVE', 'score': 0.9856179356575012}","{'label': 'NEGATIVE', 'score': 0.9963515996932983}"
523,"{'label': 'POSITIVE', 'score': 0.881013035774231}","{'label': 'POSITIVE', 'score': 0.9989050626754761}"
524,"{'label': 'NEGATIVE', 'score': 0.9563142657279968}","{'label': 'NEGATIVE', 'score': 0.9876833558082581}"
525,"{'label': 'NEGATIVE', 'score': 0.9707334041595459}","{'label': 'POSITIVE', 'score': 0.9989033937454224}"
526,"{'label': 'NEGATIVE', 'score': 0.9648943543434143}","{'label': 'NEGATIVE', 'score': 0.9994165897369385}"
527,"{'label': 'POSITIVE', 'score': 0.9870775938034058}","{'label': 'POSITIVE', 'score': 0.9988983869552612}"
528,"{'label': 'NEGATIVE', 'score': 0.9506902098655701}","{'label': 'POSITIVE', 'score': 0.9988691210746765}"
529,"{'label': 'NEGATIVE', 'score': 0.9878687262535095}","{'label': 'POSITIVE', 'score': 0.9988654851913452}"
530,"{'label': 'NEGATIVE', 'score': 0.9687901735305786}","{'label': 'POSITIVE', 'score': 0.99873286485672}"
531,"{'label': 'POSITIVE', 'score': 0.9840001463890076}","{'label': 'NEGATIVE', 'score': 0.9994144439697266}"
532,"{'label': 'POSITIVE', 'score': 0.9846801161766052}","{'label': 'POSITIVE', 'score': 0.9987834095954895}"
533,"{'label': 'POSITIVE', 'score': 0.989352285861969}","{'label': 'POSITIVE', 'score': 0.9986428618431091}"
534,"{'label': 'POSITIVE', 'score': 0.9870796799659729}","{'label': 'POSITIVE', 'score': 0.9988958835601807}"
535,"{'label': 'POSITIVE', 'score': 0.9846521615982056}","{'label': 'POSITIVE', 'score': 0.9988221526145935}"
536,"{'label': 'NEGATIVE', 'score': 0.9824936985969543}","{'label': 'POSITIVE', 'score': 0.9988092184066772}"
537,"{'label': 'NEGATIVE', 'score': 0.560598611831665}","{'label': 'NEGATIVE', 'score': 0.9995076656341553}"
538,"{'label': 'POSITIVE', 'score': 0.9877780079841614}","{'label': 'POSITIVE', 'score': 0.9989240765571594}"
539,"{'label': 'POSITIVE', 'score': 0.9835365414619446}","{'label': 'POSITIVE', 'score': 0.9989235997200012}"
540,"{'label': 'POSITIVE', 'score': 0.8927211761474609}","{'label': 'NEGATIVE', 'score': 0.9994926452636719}"
541,"{'label': 'POSITIVE', 'score': 0.9857644438743591}","{'label': 'NEGATIVE', 'score': 0.9995026588439941}"
542,"{'label': 'POSITIVE', 'score': 0.9862822890281677}","{'label': 'NEGATIVE', 'score': 0.9994677901268005}"
543,"{'label': 'POSITIVE', 'score': 0.9853192567825317}","{'label': 'NEGATIVE', 'score': 0.9981299042701721}"
544,"{'label': 'POSITIVE', 'score': 0.9842779040336609}","{'label': 'POSITIVE', 'score': 0.9987143278121948}"
545,"{'label': 'POSITIVE', 'score': 0.9672159552574158}","{'label': 'NEGATIVE', 'score': 0.9994901418685913}"
546,"{'label': 'POSITIVE', 'score': 0.9814736247062683}","{'label': 'POSITIVE', 'score': 0.9987758994102478}"
547,"{'label': 'POSITIVE', 'score': 0.9869675040245056}","{'label': 'POSITIVE', 'score': 0.9969786405563354}"
548,"{'label': 'NEGATIVE', 'score': 0.9896402955055237}","{'label': 'POSITIVE', 'score': 0.9986743927001953}"
549,"{'label': 'POSITIVE', 'score': 0.9746283888816833}","{'label': 'NEGATIVE', 'score': 0.9990828037261963}"
550,"{'label': 'POSITIVE', 'score': 0.9749168753623962}","{'label': 'POSITIVE', 'score': 0.9982395172119141}"
551,"{'label': 'POSITIVE', 'score': 0.981864333152771}","{'label': 'NEGATIVE', 'score': 0.9984955787658691}"
552,"{'label': 'POSITIVE', 'score': 0.9883102178573608}","{'label': 'POSITIVE', 'score': 0.9989116191864014}"
553,"{'label': 'POSITIVE', 'score': 0.9682092070579529}","{'label': 'POSITIVE', 'score': 0.9989238381385803}"
554,"{'label': 'POSITIVE', 'score': 0.9768258333206177}","{'label': 'NEGATIVE', 'score': 0.9959496259689331}"
555,"{'label': 'POSITIVE', 'score': 0.9785891175270081}","{'label': 'POSITIVE', 'score': 0.9988136291503906}"
556,"{'label': 'POSITIVE', 'score': 0.9794687032699585}","{'label': 'POSITIVE', 'score': 0.998909592628479}"
557,"{'label': 'POSITIVE', 'score': 0.9812581539154053}","{'label': 'NEGATIVE', 'score': 0.998672604560852}"
558,"{'label': 'POSITIVE', 'score': 0.9736918210983276}","{'label': 'POSITIVE', 'score': 0.9987358450889587}"
559,"{'label': 'POSITIVE', 'score': 0.8602766394615173}","{'label': 'POSITIVE', 'score': 0.998880922794342}"
560,"{'label': 'NEGATIVE', 'score': 0.9701799750328064}","{'label': 'POSITIVE', 'score': 0.9988939166069031}"
561,"{'label': 'POSITIVE', 'score': 0.9785274863243103}","{'label': 'POSITIVE', 'score': 0.9989184141159058}"
562,"{'label': 'POSITIVE', 'score': 0.9634103775024414}","{'label': 'POSITIVE', 'score': 0.9989060163497925}"
563,"{'label': 'NEGATIVE', 'score': 0.9897223114967346}","{'label': 'NEGATIVE', 'score': 0.9995027780532837}"
564,"{'label': 'POSITIVE', 'score': 0.9810545444488525}","{'label': 'POSITIVE', 'score': 0.9987519979476929}"
565,"{'label': 'POSITIVE', 'score': 0.8828483819961548}","{'label': 'NEGATIVE', 'score': 0.9898279905319214}"
566,"{'label': 'POSITIVE', 'score': 0.9689101576805115}","{'label': 'POSITIVE', 'score': 0.998896598815918}"
567,"{'label': 'POSITIVE', 'score': 0.9787909984588623}","{'label': 'POSITIVE', 'score': 0.998931348323822}"
568,"{'label': 'NEGATIVE', 'score': 0.988223135471344}","{'label': 'NEGATIVE', 'score': 0.999495267868042}"
569,"{'label': 'POSITIVE', 'score': 0.9775121808052063}","{'label': 'POSITIVE', 'score': 0.9988846182823181}"
570,"{'label': 'POSITIVE', 'score': 0.9858506321907043}","{'label': 'NEGATIVE', 'score': 0.9995055198669434}"
571,"{'label': 'POSITIVE', 'score': 0.9759606122970581}","{'label': 'POSITIVE', 'score': 0.9987521171569824}"
572,"{'label': 'POSITIVE', 'score': 0.9910567998886108}","{'label': 'POSITIVE', 'score': 0.9989004135131836}"
573,"{'label': 'NEGATIVE', 'score': 0.9834446907043457}","{'label': 'POSITIVE', 'score': 0.9987785220146179}"
574,"{'label': 'POSITIVE', 'score': 0.6568878889083862}","{'label': 'POSITIVE', 'score': 0.9988977909088135}"
575,"{'label': 'POSITIVE', 'score': 0.981411874294281}","{'label': 'NEGATIVE', 'score': 0.9994901418685913}"
576,"{'label': 'POSITIVE', 'score': 0.9823910593986511}","{'label': 'NEGATIVE', 'score': 0.9984245300292969}"
577,"{'label': 'POSITIVE', 'score': 0.9623898863792419}","{'label': 'POSITIVE', 'score': 0.9943195581436157}"
578,"{'label': 'POSITIVE', 'score': 0.9865491986274719}","{'label': 'POSITIVE', 'score': 0.9989235997200012}"
579,"{'label': 'POSITIVE', 'score': 0.9784720540046692}","{'label': 'POSITIVE', 'score': 0.9988501071929932}"
580,"{'label': 'POSITIVE', 'score': 0.969977855682373}","{'label': 'NEGATIVE', 'score': 0.999099612236023}"
581,"{'label': 'POSITIVE', 'score': 0.9841670393943787}","{'label': 'NEGATIVE', 'score': 0.9935571551322937}"
582,"{'label': 'POSITIVE', 'score': 0.984161376953125}","{'label': 'POSITIVE', 'score': 0.9989141225814819}"
583,"{'label': 'POSITIVE', 'score': 0.9805106520652771}","{'label': 'POSITIVE', 'score': 0.9989192485809326}"
584,"{'label': 'POSITIVE', 'score': 0.9702782034873962}","{'label': 'POSITIVE', 'score': 0.9986603260040283}"
585,"{'label': 'POSITIVE', 'score': 0.8821443319320679}","{'label': 'NEGATIVE', 'score': 0.9809842109680176}"
586,"{'label': 'POSITIVE', 'score': 0.9860696792602539}","{'label': 'POSITIVE', 'score': 0.9986166954040527}"
587,"{'label': 'NEGATIVE', 'score': 0.9736049175262451}","{'label': 'POSITIVE', 'score': 0.9986369013786316}"
588,"{'label': 'POSITIVE', 'score': 0.9829598665237427}","{'label': 'NEGATIVE', 'score': 0.9995105266571045}"
589,"{'label': 'NEGATIVE', 'score': 0.9914537668228149}","{'label': 'POSITIVE', 'score': 0.9986836314201355}"
590,"{'label': 'POSITIVE', 'score': 0.9849943518638611}","{'label': 'POSITIVE', 'score': 0.9915743470191956}"
591,"{'label': 'POSITIVE', 'score': 0.9776155352592468}","{'label': 'POSITIVE', 'score': 0.998887836933136}"
592,"{'label': 'POSITIVE', 'score': 0.9789798259735107}","{'label': 'NEGATIVE', 'score': 0.999491810798645}"
593,"{'label': 'POSITIVE', 'score': 0.8849478960037231}","{'label': 'POSITIVE', 'score': 0.9988754391670227}"
594,"{'label': 'NEGATIVE', 'score': 0.9697856307029724}","{'label': 'POSITIVE', 'score': 0.9988927245140076}"
595,"{'label': 'POSITIVE', 'score': 0.9757100939750671}","{'label': 'NEGATIVE', 'score': 0.9952677488327026}"
596,"{'label': 'POSITIVE', 'score': 0.9822471737861633}","{'label': 'POSITIVE', 'score': 0.9986011385917664}"
597,"{'label': 'POSITIVE', 'score': 0.9871030449867249}","{'label': 'POSITIVE', 'score': 0.9988473653793335}"
598,"{'label': 'POSITIVE', 'score': 0.9798145890235901}","{'label': 'POSITIVE', 'score': 0.9983589053153992}"
599,"{'label': 'POSITIVE', 'score': 0.9803816080093384}","{'label': 'POSITIVE', 'score': 0.9989148378372192}"
600,"{'label': 'POSITIVE', 'score': 0.9825793504714966}","{'label': 'POSITIVE', 'score': 0.9982342720031738}"
601,"{'label': 'NEGATIVE', 'score': 0.9680220484733582}","{'label': 'POSITIVE', 'score': 0.9989080429077148}"
602,"{'label': 'POSITIVE', 'score': 0.9752537608146667}","{'label': 'POSITIVE', 'score': 0.9988332390785217}"
603,"{'label': 'POSITIVE', 'score': 0.9804216027259827}","{'label': 'POSITIVE', 'score': 0.998775064945221}"
604,"{'label': 'POSITIVE', 'score': 0.9765584468841553}","{'label': 'POSITIVE', 'score': 0.9988493919372559}"
605,"{'label': 'POSITIVE', 'score': 0.9710527062416077}","{'label': 'POSITIVE', 'score': 0.9988632202148438}"
606,"{'label': 'POSITIVE', 'score': 0.9831691980361938}","{'label': 'POSITIVE', 'score': 0.9985008239746094}"
607,"{'label': 'POSITIVE', 'score': 0.9701374769210815}","{'label': 'POSITIVE', 'score': 0.9987438321113586}"
608,"{'label': 'POSITIVE', 'score': 0.9907529354095459}","{'label': 'POSITIVE', 'score': 0.9988516569137573}"
609,"{'label': 'POSITIVE', 'score': 0.9900616407394409}","{'label': 'NEGATIVE', 'score': 0.9979844093322754}"
610,"{'label': 'POSITIVE', 'score': 0.9911236763000488}","{'label': 'POSITIVE', 'score': 0.9988774657249451}"
611,"{'label': 'POSITIVE', 'score': 0.9840129613876343}","{'label': 'POSITIVE', 'score': 0.9988592863082886}"
612,"{'label': 'POSITIVE', 'score': 0.9916011095046997}","{'label': 'POSITIVE', 'score': 0.9946390986442566}"
613,"{'label': 'POSITIVE', 'score': 0.9835874438285828}","{'label': 'POSITIVE', 'score': 0.9988852143287659}"
614,"{'label': 'POSITIVE', 'score': 0.9681847095489502}","{'label': 'POSITIVE', 'score': 0.9987401366233826}"
615,"{'label': 'POSITIVE', 'score': 0.9828304052352905}","{'label': 'NEGATIVE', 'score': 0.9960044026374817}"
616,"{'label': 'POSITIVE', 'score': 0.9893192648887634}","{'label': 'POSITIVE', 'score': 0.9974344372749329}"
617,"{'label': 'POSITIVE', 'score': 0.9888190627098083}","{'label': 'POSITIVE', 'score': 0.987717866897583}"
618,"{'label': 'POSITIVE', 'score': 0.9884787201881409}","{'label': 'POSITIVE', 'score': 0.9989080429077148}"
619,"{'label': 'POSITIVE', 'score': 0.9886565208435059}","{'label': 'POSITIVE', 'score': 0.9987695813179016}"
620,"{'label': 'POSITIVE', 'score': 0.9840195178985596}","{'label': 'POSITIVE', 'score': 0.9988260865211487}"
621,"{'label': 'POSITIVE', 'score': 0.9894397854804993}","{'label': 'NEGATIVE', 'score': 0.9975220561027527}"
622,"{'label': 'POSITIVE', 'score': 0.9903528094291687}","{'label': 'POSITIVE', 'score': 0.9986425042152405}"
623,"{'label': 'POSITIVE', 'score': 0.9770303964614868}","{'label': 'NEGATIVE', 'score': 0.999503493309021}"
624,"{'label': 'POSITIVE', 'score': 0.9889464974403381}","{'label': 'POSITIVE', 'score': 0.9934624433517456}"
625,"{'label': 'POSITIVE', 'score': 0.9722784161567688}","{'label': 'NEGATIVE', 'score': 0.9994938373565674}"
626,"{'label': 'POSITIVE', 'score': 0.521344006061554}","{'label': 'POSITIVE', 'score': 0.9982894062995911}"
627,"{'label': 'POSITIVE', 'score': 0.9918856620788574}","{'label': 'POSITIVE', 'score': 0.9988495111465454}"
628,"{'label': 'POSITIVE', 'score': 0.9895910620689392}","{'label': 'POSITIVE', 'score': 0.9988195300102234}"
629,"{'label': 'POSITIVE', 'score': 0.9824260473251343}","{'label': 'POSITIVE', 'score': 0.9987049102783203}"
630,"{'label': 'POSITIVE', 'score': 0.9809589982032776}","{'label': 'POSITIVE', 'score': 0.9987816214561462}"
631,"{'label': 'POSITIVE', 'score': 0.9889082312583923}","{'label': 'POSITIVE', 'score': 0.9988344311714172}"
632,"{'label': 'POSITIVE', 'score': 0.9873300790786743}","{'label': 'POSITIVE', 'score': 0.998802900314331}"
633,"{'label': 'POSITIVE', 'score': 0.9869267344474792}","{'label': 'POSITIVE', 'score': 0.9988694787025452}"
634,"{'label': 'POSITIVE', 'score': 0.9889400601387024}","{'label': 'POSITIVE', 'score': 0.9986924529075623}"
635,"{'label': 'POSITIVE', 'score': 0.9834176898002625}","{'label': 'POSITIVE', 'score': 0.9984278678894043}"
636,"{'label': 'POSITIVE', 'score': 0.9863925576210022}","{'label': 'POSITIVE', 'score': 0.9876391291618347}"
637,"{'label': 'POSITIVE', 'score': 0.9867534041404724}","{'label': 'POSITIVE', 'score': 0.9985839128494263}"
638,"{'label': 'POSITIVE', 'score': 0.9876157641410828}","{'label': 'POSITIVE', 'score': 0.9986018538475037}"
639,"{'label': 'POSITIVE', 'score': 0.9868081212043762}","{'label': 'POSITIVE', 'score': 0.9988828301429749}"
640,"{'label': 'NEGATIVE', 'score': 0.7181748151779175}","{'label': 'NEGATIVE', 'score': 0.9991636276245117}"
641,"{'label': 'POSITIVE', 'score': 0.9860014915466309}","{'label': 'POSITIVE', 'score': 0.9988099336624146}"
642,"{'label': 'POSITIVE', 'score': 0.8846648335456848}","{'label': 'POSITIVE', 'score': 0.9987824559211731}"
643,"{'label': 'NEGATIVE', 'score': 0.9786912202835083}","{'label': 'NEGATIVE', 'score': 0.9994939565658569}"
644,"{'label': 'POSITIVE', 'score': 0.9847449660301208}","{'label': 'POSITIVE', 'score': 0.9977787137031555}"
645,"{'label': 'POSITIVE', 'score': 0.9578785300254822}","{'label': 'POSITIVE', 'score': 0.9986165761947632}"
646,"{'label': 'POSITIVE', 'score': 0.9681344628334045}","{'label': 'POSITIVE', 'score': 0.9987749457359314}"
647,"{'label': 'POSITIVE', 'score': 0.9889324903488159}","{'label': 'POSITIVE', 'score': 0.9964939951896667}"
648,"{'label': 'NEGATIVE', 'score': 0.9751204252243042}","{'label': 'POSITIVE', 'score': 0.9988040924072266}"
649,"{'label': 'POSITIVE', 'score': 0.9606698155403137}","{'label': 'POSITIVE', 'score': 0.9987342953681946}"
650,"{'label': 'POSITIVE', 'score': 0.9846513271331787}","{'label': 'POSITIVE', 'score': 0.9987986087799072}"
651,"{'label': 'POSITIVE', 'score': 0.9840085506439209}","{'label': 'POSITIVE', 'score': 0.9987138509750366}"
652,"{'label': 'POSITIVE', 'score': 0.9850571751594543}","{'label': 'POSITIVE', 'score': 0.9988498687744141}"
653,"{'label': 'POSITIVE', 'score': 0.9820829629898071}","{'label': 'NEGATIVE', 'score': 0.9965820908546448}"
654,"{'label': 'POSITIVE', 'score': 0.9843623638153076}","{'label': 'POSITIVE', 'score': 0.9985964894294739}"
655,"{'label': 'POSITIVE', 'score': 0.9795473217964172}","{'label': 'POSITIVE', 'score': 0.9721857905387878}"
656,"{'label': 'POSITIVE', 'score': 0.9832718968391418}","{'label': 'POSITIVE', 'score': 0.9986153841018677}"
657,"{'label': 'POSITIVE', 'score': 0.9855625629425049}","{'label': 'POSITIVE', 'score': 0.9988048076629639}"
658,"{'label': 'POSITIVE', 'score': 0.9894019961357117}","{'label': 'POSITIVE', 'score': 0.9984118938446045}"
659,"{'label': 'POSITIVE', 'score': 0.9394792914390564}","{'label': 'POSITIVE', 'score': 0.9986000657081604}"
660,"{'label': 'POSITIVE', 'score': 0.9838955402374268}","{'label': 'POSITIVE', 'score': 0.9985811710357666}"
661,"{'label': 'POSITIVE', 'score': 0.981611430644989}","{'label': 'POSITIVE', 'score': 0.998276948928833}"
662,"{'label': 'POSITIVE', 'score': 0.9806233644485474}","{'label': 'POSITIVE', 'score': 0.9984152317047119}"
663,"{'label': 'NEGATIVE', 'score': 0.9724358320236206}","{'label': 'POSITIVE', 'score': 0.9977694749832153}"
664,"{'label': 'POSITIVE', 'score': 0.9839345812797546}","{'label': 'POSITIVE', 'score': 0.9988086223602295}"
665,"{'label': 'POSITIVE', 'score': 0.9876212477684021}","{'label': 'POSITIVE', 'score': 0.9987192153930664}"
666,"{'label': 'NEGATIVE', 'score': 0.980983555316925}","{'label': 'POSITIVE', 'score': 0.9986383318901062}"
667,"{'label': 'POSITIVE', 'score': 0.6909700632095337}","{'label': 'POSITIVE', 'score': 0.9987275004386902}"
668,"{'label': 'POSITIVE', 'score': 0.9850835204124451}","{'label': 'POSITIVE', 'score': 0.9986592531204224}"
669,"{'label': 'POSITIVE', 'score': 0.9834239482879639}","{'label': 'POSITIVE', 'score': 0.9988443851470947}"
670,"{'label': 'POSITIVE', 'score': 0.979965090751648}","{'label': 'POSITIVE', 'score': 0.9985735416412354}"
671,"{'label': 'POSITIVE', 'score': 0.9740871787071228}","{'label': 'POSITIVE', 'score': 0.9967244267463684}"
672,"{'label': 'POSITIVE', 'score': 0.9879321455955505}","{'label': 'NEGATIVE', 'score': 0.9994496703147888}"
673,"{'label': 'POSITIVE', 'score': 0.6021424531936646}","{'label': 'POSITIVE', 'score': 0.9981768131256104}"
674,"{'label': 'NEGATIVE', 'score': 0.9444378018379211}","{'label': 'POSITIVE', 'score': 0.9986880421638489}"
675,"{'label': 'POSITIVE', 'score': 0.9833977222442627}","{'label': 'POSITIVE', 'score': 0.9986609220504761}"
676,"{'label': 'POSITIVE', 'score': 0.9819884896278381}","{'label': 'POSITIVE', 'score': 0.9959307312965393}"
677,"{'label': 'POSITIVE', 'score': 0.9879777431488037}","{'label': 'POSITIVE', 'score': 0.9987735152244568}"
678,"{'label': 'POSITIVE', 'score': 0.968576967716217}","{'label': 'POSITIVE', 'score': 0.9984152317047119}"
679,"{'label': 'POSITIVE', 'score': 0.9872325658798218}","{'label': 'POSITIVE', 'score': 0.9987685084342957}"
680,"{'label': 'POSITIVE', 'score': 0.9063112139701843}","{'label': 'POSITIVE', 'score': 0.9984152317047119}"
681,"{'label': 'NEGATIVE', 'score': 0.9861487150192261}","{'label': 'POSITIVE', 'score': 0.9984152317047119}"
682,"{'label': 'POSITIVE', 'score': 0.9914559721946716}","{'label': 'POSITIVE', 'score': 0.9988928437232971}"
683,"{'label': 'POSITIVE', 'score': 0.8158718943595886}","{'label': 'POSITIVE', 'score': 0.9989185333251953}"
684,"{'label': 'POSITIVE', 'score': 0.9742766618728638}","{'label': 'POSITIVE', 'score': 0.9989270567893982}"
685,"{'label': 'POSITIVE', 'score': 0.5330705642700195}","{'label': 'NEGATIVE', 'score': 0.9986067414283752}"
686,"{'label': 'POSITIVE', 'score': 0.9833158850669861}","{'label': 'NEGATIVE', 'score': 0.9994901418685913}"
687,"{'label': 'POSITIVE', 'score': 0.9858450889587402}","{'label': 'NEGATIVE', 'score': 0.9994850158691406}"
688,"{'label': 'POSITIVE', 'score': 0.994290828704834}","{'label': 'POSITIVE', 'score': 0.9988152980804443}"
689,"{'label': 'POSITIVE', 'score': 0.9765034317970276}","{'label': 'POSITIVE', 'score': 0.9989162683486938}"
690,"{'label': 'POSITIVE', 'score': 0.9876826405525208}","{'label': 'NEGATIVE', 'score': 0.9995032548904419}"
691,"{'label': 'POSITIVE', 'score': 0.9818264245986938}","{'label': 'POSITIVE', 'score': 0.9947301149368286}"
